indice,arquivo,especie_id,especie,conjunto,status,erro_codigo,erro_mensagem,detectado,numero_contornos,dominancia,toca_borda,distancia_minima_borda_px,fracao_foreground,area_contorno_px2,area_mascara_px2,diferenca_area_pct,perimetro_px,elongacao,circularidade,solidez,extent,extent_rotacionado,razao_perimetro_hull,anisotropia,orientacao_confiavel,proporcao_verde,cat_alongamento,limitrofe_alongamento,margem_alongamento,cat_concavidade,limitrofe_concavidade,margem_concavidade,cat_compacidade,limitrofe_compacidade,margem_compacidade,cat_complexidade_borda,limitrofe_complexidade_borda,margem_complexidade_borda,cat_orientacao,limitrofe_orientacao,margem_orientacao,n_limitrofes,tempo_pipeline_ms,tempo_parede_ms,tempo_redimensionamento_ms,tempo_suavizacao_ms,tempo_segmentacao_ms,tempo_limpeza_ms,tempo_contornos_ms,tempo_caracteristicas_ms,tempo_classificacao_ms,n_avisos_tecnicos,avisos
0,1009.jpg,01,Phyllostachys edulis,avaliacao,sucesso_com_avisos,,,True,1,1.0,False,52,0.12026,93650.0,94576,-0.9791,2055.4499,6.119119,0.27855,0.936369,0.404382,0.655905,1.059846,0.94237,True,0.995327,extrema,True,0.019853,baixa,True,0.017792,baixa,False,0.303625,regular,False,0.062083,bem_definida,False,2.141233,2,246.676,287.066,23.795,2.148,51.176,85.795,21.562,61.566,0.136,1,"atributos proximos de um limiar: alongamento, concavidade | descricao geometrica automatica; nao constitui identificacao botanica nem taxonomica"
1,1023.jpg,01,Phyllostachys edulis,avaliacao,sucesso_com_avisos,,,True,1,1.0,False,46,0.119357,92914.0,93865,-1.0132,2347.3506,9.242159,0.211902,0.951651,0.176408,0.744808,1.070632,0.975348,True,0.994311,extrema,False,0.54036,baixa,True,0.034403,baixa,False,0.470245,regular,False,0.052538,bem_definida,False,2.25116,1,194.18,233.958,9.391,1.588,28.518,80.851,20.713,52.881,0.13,1,atributos proximos de um limiar: concavidade | descricao geometrica automatica; nao constitui identificacao botanica nem taxonomica
2,1052.jpg,01,Phyllostachys edulis,avaliacao,sucesso_com_avisos,,,True,1,1.0,False,21,0.176598,137894.0,138882,-0.7114,2484.3111,7.040523,0.280765,0.981504,0.221711,0.736277,1.055657,0.953632,True,0.997494,extrema,False,0.173421,baixa,False,0.066852,baixa,False,0.298088,regular,False,0.06579,bem_definida,False,2.178773,0,200.725,242.203,5.426,1.438,27.768,77.045,20.702,68.183,0.092,0,descricao geometrica automatica; nao constitui identificacao botanica nem taxonomica
3,1107.jpg,02,Aesculus chinensis,avaliacao,sucesso_com_avisos,,,True,1,1.0,False,32,0.444159,348111.0,349301,-0.3407,2798.8409,2.477897,0.558433,0.972331,0.533361,0.665082,1.101206,0.693316,True,0.997876,moderada,False,0.174034,baixa,False,0.056882,moderada,False,0.140872,regular,True,0.025481,bem_definida,False,1.311053,1,254.537,291.414,5.28,1.464,27.897,77.566,20.543,121.599,0.113,1,atributos proximos de um limiar: complexidade_borda | descricao geometrica automatica; nao constitui identificacao botanica nem taxonomica
4,1109.jpg,02,Aesculus chinensis,avaliacao,sucesso_com_avisos,,,True,1,1.0,False,89,0.269623,211119.5,212040,-0.4341,2178.2409,2.534991,0.559148,0.963556,0.524699,0.669839,1.09238,0.685297,True,0.997326,moderada,False,0.155003,baixa,True,0.047343,moderada,False,0.139772,regular,True,0.033292,bem_definida,False,1.284323,2,223.954,268.448,5.161,1.45,27.623,78.385,22.764,88.381,0.116,1,"atributos proximos de um limiar: concavidade, complexidade_borda | descricao geometrica automatica; nao constitui identificacao botanica nem taxonomica"
5,1112.jpg,02,Aesculus chinensis,avaliacao,sucesso_com_avisos,,,True,1,1.0,False,21,0.426342,334108.5,335289,-0.3521,2755.4024,2.42852,0.553003,0.967659,0.531503,0.658278,1.10106,0.691357,True,0.997334,moderada,False,0.190493,baixa,False,0.051803,moderada,False,0.149226,regular,True,0.025611,bem_definida,False,1.304523,1,276.284,323.966,9.513,1.776,32.868,84.389,21.616,125.906,0.111,1,atributos proximos de um limiar: complexidade_borda | descricao geometrica automatica; nao constitui identificacao botanica nem taxonomica
6,1559.jpg,03,Berberis anhweiensis,avaliacao,sucesso_com_avisos,,,True,1,1.0,False,59,0.189204,147980.5,148808,-0.5561,1877.918,2.957289,0.527304,0.97939,0.688269,0.719717,1.093448,0.777597,True,0.997668,moderada,True,0.014237,baixa,False,0.064554,moderada,False,0.188763,regular,True,0.032347,bem_definida,False,1.59199,2,209.231,249.914,7.985,1.466,28.346,79.797,20.317,71.125,0.111,1,"atributos proximos de um limiar: alongamento, complexidade_borda | descricao geometrica automatica; nao constitui identificacao botanica nem taxonomica"
7,1560.jpg,03,Berberis anhweiensis,avaliacao,sucesso_com_avisos,,,True,1,1.0,False,51,0.202942,158676.0,159603,-0.5808,2094.7291,3.06302,0.454428,0.966367,0.659677,0.663896,1.137958,0.79493,True,0.997914,alta,True,0.021007,baixa,False,0.050399,moderada,False,0.13607,moderada,True,0.007042,bem_definida,False,1.649767,2,209.553,247.027,5.157,1.361,27.897,79.528,20.415,75.026,0.096,1,"atributos proximos de um limiar: alongamento, complexidade_borda | descricao geometrica automatica; nao constitui identificacao botanica nem taxonomica"
8,1587.jpg,03,Berberis anhweiensis,avaliacao,sucesso_com_avisos,,,True,1,1.0,False,107,0.146712,114656.5,115380,-0.6271,1638.4377,2.82377,0.536721,0.974167,0.67824,0.682008,1.086046,0.768555,True,0.998561,moderada,False,0.058743,baixa,False,0.058877,moderada,False,0.174275,regular,True,0.038897,bem_definida,False,1.56185,1,193.35,230.27,5.336,1.411,27.655,77.995,20.088,60.687,0.108,1,atributos proximos de um limiar: complexidade_borda | descricao geometrica automatica; nao constitui identificacao botanica nem taxonomica
9,1125.jpg,04,Cercis chinensis,avaliacao,sucesso_com_avisos,,,True,1,1.0,False,26,0.450598,353392.5,354391,-0.2818,2418.7404,1.009822,0.759082,0.95996,0.716146,0.753406,1.101093,0.081941,True,0.998894,baixa,False,0.326785,baixa,True,0.043435,alta,False,0.167818,regular,True,0.025581,pouco_definida,False,0.63882,2,263.586,311.585,5.185,1.415,27.72,79.082,21.106,128.872,0.125,1,"atributos proximos de um limiar: concavidade, complexidade_borda | descricao geometrica automatica; nao constitui identificacao botanica nem taxonomica"
10,1163.jpg,04,Cercis chinensis,avaliacao,sucesso_com_avisos,,,True,1,1.0,False,26,0.430571,337699.5,338680,-0.2895,2322.2653,1.090336,0.786895,0.965442,0.697784,0.794852,1.071402,0.072963,True,0.998592,baixa,False,0.273109,baixa,True,0.049393,alta,False,0.210608,regular,False,0.051857,pouco_definida,False,0.45926,1,265.498,317.518,10.224,1.587,31.577,83.475,20.875,117.551,0.11,1,atributos proximos de um limiar: concavidade | descricao geometrica automatica; nao constitui identificacao botanica nem taxonomica
11,1191.jpg,04,Cercis chinensis,avaliacao,sucesso_com_avisos,,,True,1,1.0,False,14,0.466436,365819.5,366821,-0.273,2380.8338,1.095981,0.810996,0.974601,0.723971,0.778721,1.071519,0.084029,True,0.998942,baixa,False,0.269346,baixa,False,0.059349,alta,False,0.247686,regular,False,0.051753,pouco_definida,False,0.68058,0,276.444,327.02,9.369,1.546,29.563,81.044,21.258,133.471,0.113,0,descricao geometrica automatica; nao constitui identificacao botanica nem taxonomica
12,1195.jpg,05,Indigofera tinctoria,avaliacao,sucesso_com_avisos,,,True,1,1.0,False,190,0.17141,134134.5,134802,-0.4952,1536.3788,2.075664,0.714091,0.993869,0.741751,0.74719,1.057418,0.607524,True,0.998709,moderada,False,0.308112,baixa,False,0.080292,alta,False,0.098602,regular,False,0.064232,bem_definida,False,1.02508,0,203.134,228.009,5.36,1.378,27.818,79.036,20.518,68.848,0.099,0,descricao geometrica automatica; nao constitui identificacao botanica nem taxonomica
13,1199.jpg,05,Indigofera tinctoria,avaliacao,sucesso_com_avisos,,,True,1,1.0,False,161,0.146765,114795.0,115421,-0.5424,1404.9159,2.186862,0.730857,0.99384,0.810882,0.81727,1.052559,0.639295,True,0.999012,moderada,False,0.271046,baixa,False,0.080261,alta,False,0.124395,regular,False,0.068532,bem_definida,False,1.130983,0,192.948,229.992,5.228,1.47,27.052,76.007,19.925,63.11,0.087,0,descricao geometrica automatica; nao constitui identificacao botanica nem taxonomica
14,1258.jpg,05,Indigofera tinctoria,avaliacao,sucesso_com_avisos,,,True,1,1.0,False,140,0.122949,96103.0,96691,-0.6081,1318.1463,2.300933,0.695056,0.993544,0.774306,0.825401,1.057087,0.688189,True,0.998428,moderada,False,0.233022,baixa,False,0.079939,alta,False,0.069317,regular,False,0.064525,bem_definida,False,1.293963,0,188.771,224.786,5.773,1.383,26.886,77.103,20.285,57.172,0.087,0,descricao geometrica automatica; nao constitui identificacao botanica nem taxonomica
15,1269.jpg,06,Acer palmatum,avaliacao,sucesso_com_avisos,,,True,1,1.0,False,17,0.279082,217463.5,219567,-0.958,4970.0524,1.087629,0.11063,0.516541,0.375331,0.400496,2.070494,0.112265,True,0.990117,baixa,False,0.274914,alta,False,0.262084,baixa,False,0.723425,complexa,False,0.592688,pouco_definida,False,0.625783,0,225.866,274.143,5.112,1.294,27.534,79.283,22.394,90.069,0.112,1,solidez_baixa_borda_muito_recortada | descricao geometrica automatica; nao constitui identificacao botanica nem taxonomica
16,1282.jpg,06,Acer palmatum,avaliacao,sucesso_com_avisos,,,True,1,1.0,False,41,0.21188,164748.0,166630,-1.1294,4395.7467,1.022637,0.107143,0.468097,0.340911,0.366708,2.013162,0.068092,True,0.994425,baixa,False,0.318242,alta,False,0.33129,baixa,False,0.732143,complexa,False,0.548586,pouco_definida,False,0.36184,0,216.125,258.819,5.314,1.478,27.641,79.027,21.923,80.554,0.109,1,solidez_baixa_borda_muito_recortada | descricao geometrica automatica; nao constitui identificacao botanica nem taxonomica
17,1302.jpg,06,Acer palmatum,avaliacao,sucesso_com_avisos,,,True,1,1.0,False,28,0.231557,180125.5,182109,-1.0892,4610.7589,1.097528,0.106473,0.463344,0.338051,0.350489,1.987791,0.006358,False,0.995278,baixa,False,0.268315,alta,False,0.33808,baixa,False,0.733818,complexa,False,0.52907,indefinida,False,0.87284,0,242.476,285.815,13.471,2.21,37.269,87.101,23.238,78.973,0.12,2,orientacao_nao_confiavel | solidez_baixa_borda_muito_recortada | descricao geometrica automatica; nao constitui identificacao botanica nem taxonomica
18,1334.jpg,07,Phoebe nanmu,avaliacao,sucesso_com_avisos,,,True,1,1.0,False,90,0.187406,146555.5,147382,-0.5608,2003.4957,3.335581,0.458812,0.969834,0.388772,0.624728,1.059487,0.817919,True,0.997937,alta,False,0.11186,baixa,False,0.054167,moderada,False,0.14703,regular,False,0.062401,bem_definida,False,1.726397,0,210.503,249.748,9.774,1.445,29.339,79.431,21.056,69.28,0.097,0,descricao geometrica automatica; nao constitui identificacao botanica nem taxonomica
19,1358.jpg,07,Phoebe nanmu,avaliacao,sucesso_com_avisos,,,True,1,1.0,False,90,0.211371,165362.0,166229,-0.5216,2042.6602,3.199748,0.498028,0.97085,0.484736,0.643128,1.054328,0.794084,True,0.998207,alta,False,0.066583,baixa,False,0.055272,moderada,False,0.233803,regular,False,0.066966,bem_definida,False,1.646947,0,211.859,253.483,7.795,1.419,28.333,77.396,20.316,76.452,0.086,0,descricao geometrica automatica; nao constitui identificacao botanica nem taxonomica
20,1359.jpg,07,Phoebe nanmu,avaliacao,sucesso_com_avisos,,,True,1,1.0,False,32,0.29469,230746.0,231754,-0.4349,2483.7182,3.516809,0.470045,0.990129,0.380251,0.675032,1.058581,0.845443,True,0.99786,alta,False,0.17227,baixa,False,0.076227,moderada,False,0.175112,regular,False,0.063203,bem_definida,False,1.818143,0,222.522,267.019,5.169,1.434,27.973,78.373,20.59,88.806,0.09,0,descricao geometrica automatica; nao constitui identificacao botanica nem taxonomica
21,1392.jpg,08,Kalopanax septemlobus,avaliacao,sucesso_com_avisos,,,True,1,1.0,False,15,0.370305,289862.0,291270,-0.4834,3313.5415,1.011975,0.331754,0.689481,0.533564,0.540785,1.380901,0.100073,True,0.996309,baixa,False,0.32535,alta,True,0.015027,baixa,False,0.170615,complexa,False,0.062232,pouco_definida,False,0.666423,1,246.43,281.381,5.14,1.562,27.755,79.756,21.978,110.032,0.109,2,solidez_baixa_borda_muito_recortada | atributos proximos de um limiar: concavidade | descricao geometrica automatica; nao constitui identificacao botanica nem taxonomica
22,1406.jpg,08,Kalopanax septemlobus,avaliacao,sucesso_com_avisos,,,True,1,1.0,False,10,0.37382,292583.0,293984,-0.4766,3273.0319,1.168356,0.343209,0.710663,0.527642,0.551471,1.37589,0.190058,True,0.996047,baixa,False,0.221096,moderada,True,0.015233,baixa,False,0.141978,complexa,False,0.058377,pouco_definida,False,0.366473,1,253.079,300.229,11.402,1.732,31.005,80.6,21.853,106.29,0.113,1,atributos proximos de um limiar: concavidade | descricao geometrica automatica; nao constitui identificacao botanica nem taxonomica
23,1416.jpg,08,Kalopanax septemlobus,avaliacao,sucesso_com_avisos,,,True,1,1.0,False,2,0.348501,272678.0,274072,-0.5086,3266.4877,1.211489,0.321143,0.678162,0.494942,0.506732,1.38646,0.223518,True,0.99637,baixa,False,0.192341,alta,True,0.031197,baixa,False,0.197143,complexa,False,0.066508,pouco_definida,False,0.25494,1,241.92,288.164,7.828,1.417,28.614,79.408,22.031,102.436,0.101,2,solidez_baixa_borda_muito_recortada | atributos proximos de um limiar: concavidade | descricao geometrica automatica; nao constitui identificacao botanica nem taxonomica
24,1497.jpg,09,Cinnamomum japonicum,avaliacao,sucesso_com_avisos,,,True,1,1.0,False,85,0.172975,135189.0,136033,-0.6204,1885.6509,3.411326,0.477781,0.9773,0.664809,0.669072,1.062639,0.826609,True,0.998236,alta,False,0.137109,baixa,False,0.062283,moderada,False,0.194452,regular,False,0.059612,bem_definida,False,1.755363,0,195.398,233.061,5.313,1.346,27.102,76.281,20.239,64.949,0.091,0,descricao geometrica automatica; nao constitui identificacao botanica nem taxonomica
25,1502.jpg,09,Cinnamomum japonicum,avaliacao,sucesso_com_avisos,,,True,1,1.0,False,162,0.168741,132050.5,132703,-0.4917,1548.6286,1.938457,0.691919,0.991285,0.670743,0.696956,1.062778,0.594572,True,0.998402,moderada,False,0.292305,baixa,False,0.077484,alta,False,0.064491,regular,False,0.059488,bem_definida,False,0.981907,0,199.771,239.11,5.15,1.421,27.497,76.548,20.14,68.849,0.091,0,descricao geometrica automatica; nao constitui identificacao botanica nem taxonomica
26,1510.jpg,09,Cinnamomum japonicum,avaliacao,sucesso_com_avisos,,,True,1,1.0,False,46,0.231468,181114.0,182034,-0.5054,2103.0967,2.85489,0.514569,0.957903,0.628632,0.631312,1.066801,0.743448,True,0.998566,moderada,True,0.04837,baixa,True,0.041199,moderada,False,0.208355,regular,False,0.055928,bem_definida,False,1.47816,2,236.616,279.01,13.36,1.709,33.541,84.987,20.998,81.834,0.095,1,"atributos proximos de um limiar: alongamento, concavidade | descricao geometrica automatica; nao constitui identificacao botanica nem taxonomica"
27,1443.jpg,10,Koelreuteria paniculata,avaliacao,sucesso_com_avisos,,,True,1,1.0,False,72,0.336236,263182.0,264427,-0.4708,2905.5272,1.67782,0.391756,0.93209,0.626382,0.641147,1.37609,0.532888,True,0.996725,moderada,False,0.118547,baixa,True,0.013141,baixa,True,0.02061,complexa,False,0.058531,bem_definida,False,0.776293,2,241.989,287.307,9.903,1.798,29.723,79.178,21.714,99.488,0.098,1,"atributos proximos de um limiar: concavidade, compacidade | descricao geometrica automatica; nao constitui identificacao botanica nem taxonomica"
28,1447.jpg,10,Koelreuteria paniculata,avaliacao,sucesso_com_avisos,,,True,1,1.0,False,106,0.238608,186672.5,187649,-0.5204,2257.9322,1.759935,0.460117,0.927261,0.621074,0.628865,1.253879,0.456389,True,0.996509,moderada,False,0.17329,baixa,True,0.007892,moderada,False,0.150292,moderada,True,0.035478,bem_definida,False,0.521297,2,218.405,257.32,9.116,1.448,28.808,78.589,22.239,78.036,0.1,1,"atributos proximos de um limiar: concavidade, complexidade_borda | descricao geometrica automatica; nao constitui identificacao botanica nem taxonomica"
29,1490.jpg,10,Koelreuteria paniculata,avaliacao,sucesso_com_avisos,,,True,1,1.0,False,17,0.356055,278799.5,280018,-0.4352,2854.5983,2.118597,0.429944,0.94305,0.612735,0.648293,1.278064,0.587472,True,0.99614,moderada,False,0.293801,baixa,True,0.025054,moderada,False,0.07486,moderada,True,0.016874,bem_definida,False,0.95824,2,237.189,284.883,5.131,1.469,27.548,79.752,20.484,102.622,0.095,1,"atributos proximos de um limiar: concavidade, complexidade_borda | descricao geometrica automatica; nao constitui identificacao botanica nem taxonomica"
30,2001.jpg,11,Ilex macrocarpa,avaliacao,sucesso_com_avisos,,,True,1,1.0,False,38,0.408572,320324.5,321314,-0.308,2346.8927,1.180278,0.730825,0.979096,0.679939,0.70089,1.069659,0.457472,True,0.998777,baixa,False,0.213148,baixa,False,0.064235,alta,False,0.124346,regular,False,0.053399,bem_definida,False,0.524907,0,252.91,300.417,5.29,1.411,27.761,76.814,21.888,119.573,0.093,0,descricao geometrica automatica; nao constitui identificacao botanica nem taxonomica
31,2017.jpg,11,Ilex macrocarpa,avaliacao,sucesso_com_avisos,,,True,1,1.0,False,32,0.462053,362278.0,363379,-0.303,2542.9688,1.844402,0.703995,0.982264,0.708166,0.718288,1.073545,0.495675,True,0.997796,moderada,False,0.229601,baixa,False,0.067678,alta,False,0.083069,regular,True,0.04996,bem_definida,False,0.65225,1,289.906,330.268,14.101,1.821,32.092,85.492,21.39,134.76,0.14,1,atributos proximos de um limiar: complexidade_borda | descricao geometrica automatica; nao constitui identificacao botanica nem taxonomica
32,2024.jpg,11,Ilex macrocarpa,avaliacao,sucesso_com_avisos,,,True,1,1.0,False,45,0.459764,360563.0,361571,-0.2788,2405.846,1.007511,0.782808,0.983258,0.691529,0.771742,1.071233,0.306565,True,0.998296,baixa,False,0.328326,baixa,False,0.068759,alta,False,0.20432,regular,False,0.052006,bem_definida,True,0.021883,1,267.712,318.171,7.608,1.467,29.281,91.829,20.377,116.971,0.094,1,atributos proximos de um limiar: orientacao | descricao geometrica automatica; nao constitui identificacao botanica nem taxonomica
33,2091.jpg,12,Pittosporum tobira,avaliacao,sucesso_com_avisos,,,True,1,1.0,False,41,0.382102,299476.0,300497,-0.3398,2366.4003,1.859756,0.672041,0.976024,0.663162,0.665236,1.068161,0.509338,True,0.999291,moderada,False,0.239837,baixa,False,0.060896,alta,True,0.033909,regular,False,0.054725,bem_definida,False,0.697793,1,240.297,290.932,5.349,1.412,28.121,77.758,20.541,106.934,0.093,1,atributos proximos de um limiar: compacidade | descricao geometrica automatica; nao constitui identificacao botanica nem taxonomica
34,2094.jpg,12,Pittosporum tobira,avaliacao,sucesso_com_avisos,,,True,1,1.0,False,108,0.245387,192116.5,192980,-0.4475,1985.5403,2.13237,0.612375,0.980276,0.645011,0.651765,1.066392,0.622219,True,0.998974,moderada,False,0.28921,baixa,False,0.065517,moderada,False,0.057885,regular,False,0.05629,bem_definida,False,1.074063,0,236.222,281.865,5.113,1.419,27.575,92.63,20.704,88.596,0.092,0,descricao geometrica automatica; nao constitui identificacao botanica nem taxonomica
35,2108.jpg,12,Pittosporum tobira,avaliacao,sucesso_com_avisos,,,True,1,1.0,False,22,0.376588,295107.5,296161,-0.3557,2480.6917,2.313757,0.602621,0.987112,0.532059,0.653732,1.065121,0.673993,True,0.999024,moderada,False,0.228748,baixa,False,0.072948,moderada,False,0.072891,regular,False,0.057415,bem_definida,False,1.246643,0,259.847,304.14,9.149,1.584,30.126,83.168,20.935,114.699,0.089,0,descricao geometrica automatica; nao constitui identificacao botanica nem taxonomica
36,2128.jpg,14,Chimonanthus praecox,avaliacao,sucesso_com_avisos,,,True,1,1.0,False,22,0.392564,307713.0,308725,-0.3278,2375.7384,2.036017,0.685107,0.989717,0.676254,0.678392,1.062873,0.571927,True,0.998293,moderada,False,0.321328,baixa,False,0.075779,alta,False,0.054011,regular,False,0.059404,bem_definida,False,0.906423,0,248.576,298.842,7.733,1.479,28.92,78.863,20.776,110.626,0.09,0,descricao geometrica automatica; nao constitui identificacao botanica nem taxonomica
37,2158.jpg,14,Chimonanthus praecox,avaliacao,sucesso_com_avisos,,,True,1,1.0,False,34,0.462695,362718.5,363876,-0.3181,2703.6034,2.13561,0.623582,0.969517,0.578517,0.642445,1.068856,0.573913,True,0.998645,moderada,False,0.28813,baixa,False,0.053823,moderada,True,0.040643,regular,False,0.05411,bem_definida,False,0.913043,1,262.319,314.634,5.242,1.45,29.176,79.69,20.882,125.699,0.103,1,atributos proximos de um limiar: compacidade | descricao geometrica automatica; nao constitui identificacao botanica nem taxonomica
38,2162.jpg,14,Chimonanthus praecox,avaliacao,sucesso_com_avisos,,,True,1,1.0,False,18,0.496951,389656.5,390818,-0.2972,2704.9759,1.990643,0.669214,0.981483,0.622695,0.669416,1.060903,0.571475,True,0.99903,moderada,False,0.327095,baixa,False,0.066829,alta,True,0.02956,regular,False,0.061148,bem_definida,False,0.904917,1,262.733,309.403,5.171,1.27,28.759,76.318,20.47,130.575,0.098,1,atributos proximos de um limiar: compacidade | descricao geometrica automatica; nao constitui identificacao botanica nem taxonomica
39,2176.jpg,15,Cinnamomum camphora,avaliacao,sucesso_com_avisos,,,True,1,1.0,False,34,0.296033,231856.0,232810,-0.4098,2233.2287,2.19793,0.5842,0.951919,0.595015,0.598278,1.061798,0.592211,True,0.99814,moderada,False,0.267357,baixa,True,0.034695,moderada,False,0.101231,regular,False,0.060356,bem_definida,False,0.974037,1,231.913,283.662,5.438,1.526,28.728,76.253,22.051,97.725,0.104,1,atributos proximos de um limiar: concavidade | descricao geometrica automatica; nao constitui identificacao botanica nem taxonomica
40,2189.jpg,15,Cinnamomum camphora,avaliacao,sucesso_com_avisos,,,True,1,1.0,False,36,0.323357,253340.5,254298,-0.3765,2262.182,1.624867,0.622099,0.958101,0.606658,0.616563,1.06675,0.525401,True,0.998026,moderada,False,0.083245,baixa,True,0.041414,moderada,True,0.042925,regular,False,0.055973,bem_definida,False,0.751337,2,258.301,311.374,13.685,2.076,34.081,87.962,20.628,99.686,0.093,1,"atributos proximos de um limiar: concavidade, compacidade | descricao geometrica automatica; nao constitui identificacao botanica nem taxonomica"
41,2194.jpg,15,Cinnamomum camphora,avaliacao,sucesso_com_avisos,,,True,1,1.0,False,20,0.367157,287795.0,288796,-0.3466,2381.0765,1.474644,0.637891,0.959203,0.61746,0.63499,1.071239,0.498542,True,0.998691,baixa,True,0.016904,baixa,True,0.042612,moderada,True,0.018629,regular,False,0.052001,bem_definida,False,0.661807,3,243.924,297.877,9.04,1.586,30.946,79.135,20.515,102.517,0.093,1,"atributos proximos de um limiar: alongamento, concavidade, compacidade | descricao geometrica automatica; nao constitui identificacao botanica nem taxonomica"
42,2278.jpg,16,Viburnum awabuki,avaliacao,sucesso_com_avisos,,,True,1,1.0,False,43,0.369235,289398.0,290487,-0.3749,2609.2674,2.837865,0.534156,0.978915,0.492697,0.677866,1.086475,0.755626,True,0.997132,moderada,False,0.054045,baixa,False,0.064038,moderada,False,0.178222,regular,True,0.038518,bem_definida,False,1.518753,1,244.919,298.476,5.389,1.372,27.975,82.38,20.858,106.775,0.094,1,atributos proximos de um limiar: complexidade_borda | descricao geometrica automatica; nao constitui identificacao botanica nem taxonomica
43,2280.jpg,16,Viburnum awabuki,avaliacao,sucesso_com_avisos,,,True,1,1.0,False,26,0.47148,375004.5,372347,0.7137,2749.2846,2.283303,0.623458,0.986659,0.587222,0.681666,1.082725,0.655733,True,0.988156,moderada,False,0.238899,baixa,False,0.072455,moderada,True,0.040834,regular,True,0.041836,bem_definida,False,1.185777,2,309.781,367.877,5.257,1.445,28.829,127.236,20.355,126.467,0.105,1,"atributos proximos de um limiar: compacidade, complexidade_borda | descricao geometrica automatica; nao constitui identificacao botanica nem taxonomica"
44,2286.jpg,16,Viburnum awabuki,avaliacao,sucesso_com_avisos,,,True,1,1.0,False,20,0.435355,342871.5,343299,-0.1245,3035.7009,2.651748,0.467545,0.983016,0.530095,0.688361,1.197069,0.723347,True,0.992281,moderada,False,0.116084,baixa,False,0.068496,moderada,False,0.168862,moderada,False,0.059353,bem_definida,False,1.411157,0,279.637,338.038,5.111,1.358,27.823,95.384,22.167,127.595,0.105,0,descricao geometrica automatica; nao constitui identificacao botanica nem taxonomica
45,2302.jpg,17,Osmanthus fragrans,avaliacao,sucesso_com_avisos,,,True,1,1.0,False,27,0.395027,309499.0,310663,-0.3747,2693.8216,2.243301,0.535959,0.945542,0.539122,0.626189,1.10048,0.634427,True,0.997937,moderada,False,0.252233,baixa,True,0.027763,moderada,False,0.175448,regular,True,0.026124,bem_definida,False,1.114757,2,259.905,311.063,10.486,1.718,31.635,86.869,20.525,108.482,0.101,1,"atributos proximos de um limiar: concavidade, complexidade_borda | descricao geometrica automatica; nao constitui identificacao botanica nem taxonomica"
46,2326.jpg,17,Osmanthus fragrans,avaliacao,sucesso_com_avisos,,,True,1,1.0,False,45,0.452301,354588.0,355749,-0.3264,2746.6399,2.243365,0.59065,0.970935,0.574831,0.6684,1.107048,0.632885,True,0.998111,moderada,False,0.252212,baixa,False,0.055364,moderada,False,0.091308,regular,True,0.020312,bem_definida,False,1.109617,1,260.935,315.079,8.196,1.44,29.344,79.925,20.621,121.225,0.1,1,atributos proximos de um limiar: complexidade_borda | descricao geometrica automatica; nao constitui identificacao botanica nem taxonomica
47,2327.jpg,17,Osmanthus fragrans,avaliacao,sucesso_com_avisos,,,True,1,1.0,False,18,0.510869,400503.5,401764,-0.3137,2941.912,2.336854,0.58151,0.968661,0.590555,0.718423,1.125889,0.657564,True,0.998126,moderada,False,0.221049,baixa,False,0.052892,moderada,False,0.105369,regular,True,0.003638,bem_definida,False,1.19188,1,268.024,326.911,5.852,1.59,28.981,76.635,21.107,133.669,0.103,1,atributos proximos de um limiar: complexidade_borda | descricao geometrica automatica; nao constitui identificacao botanica nem taxonomica
48,2353.jpg,18,Cedrus deodara,avaliacao,sucesso_com_avisos,,,True,1,1.0,False,49,0.036185,27600.5,28457,-3.0098,2161.2501,28.282403,0.074253,0.895611,0.058578,0.777758,1.069116,0.99805,True,0.987701,extrema,False,3.713734,ambigua,True,0.02651,baixa,False,0.814368,regular,False,0.05388,bem_definida,False,2.326833,1,167.115,201.2,5.024,1.39,27.528,74.43,20.47,38.081,0.108,3,objeto_muito_alongado | atributos proximos de um limiar: concavidade | concavidade ambigua: ver observacoes do atributo | descricao geometrica automatica; nao constitui identificacao botanica nem taxonomica
49,2370.jpg,18,Cedrus deodara,avaliacao,sucesso_com_avisos,,,True,1,1.0,False,49,0.02675,20095.5,21037,-4.4754,2358.5882,30.621581,0.045395,0.633897,0.037093,0.533094,1.089147,0.999038,True,0.981081,extrema,False,4.103597,ambigua,False,0.094433,baixa,False,0.886512,regular,True,0.036153,bem_definida,False,2.330127,1,173.414,208.283,5.089,1.403,27.117,77.737,22.743,39.154,0.101,4,solidez_baixa_borda_muito_recortada | objeto_muito_alongado | atributos proximos de um limiar: complexidade_borda | concavidade ambigua: ver observacoes do atributo | descricao geometrica automatica; nao constitui identificacao botanica nem taxonomica
50,2417.jpg,18,Cedrus deodara,avaliacao,sucesso_com_avisos,,,True,1,1.0,False,47,0.03906,29788.5,30719,-3.0291,2306.7648,18.350454,0.070348,0.62211,0.059316,0.491179,1.084178,0.996008,True,0.990039,extrema,False,2.058409,ambigua,False,0.111271,baixa,False,0.82413,regular,True,0.04055,bem_definida,False,2.320027,1,199.772,234.453,13.801,3.008,35.34,87.328,21.195,38.888,0.1,4,solidez_baixa_borda_muito_recortada | objeto_muito_alongado | atributos proximos de um limiar: complexidade_borda | concavidade ambigua: ver observacoes do atributo | descricao geometrica automatica; nao constitui identificacao botanica nem taxonomica
51,2458.jpg,19,Ginkgo biloba,avaliacao,sucesso_com_avisos,,,True,1,1.0,False,22,0.464535,364139.0,365325,-0.3246,2716.2825,1.708656,0.620193,0.927001,0.676751,0.690144,1.108754,0.545306,True,0.998817,moderada,False,0.139104,baixa,True,0.00761,moderada,True,0.045857,regular,True,0.018802,bem_definida,False,0.817687,3,263.533,315.274,9.253,1.706,30.243,76.068,20.603,125.451,0.122,1,"atributos proximos de um limiar: concavidade, compacidade, complexidade_borda | descricao geometrica automatica; nao constitui identificacao botanica nem taxonomica"
52,2460.jpg,19,Ginkgo biloba,avaliacao,sucesso_com_avisos,,,True,1,1.0,False,11,0.495875,388590.5,389972,-0.3543,3160.7161,1.824459,0.4888,0.902186,0.661026,0.722526,1.226479,0.54907,True,0.998782,moderada,False,0.216306,moderada,True,0.019363,moderada,False,0.222,moderada,False,0.056555,bem_definida,False,0.830233,1,266.626,319.983,7.904,1.4,31.377,75.728,20.562,129.456,0.109,1,atributos proximos de um limiar: concavidade | descricao geometrica automatica; nao constitui identificacao botanica nem taxonomica
53,2479.jpg,19,Ginkgo biloba,avaliacao,sucesso_com_avisos,,,True,1,1.0,False,35,0.394536,309204.0,310276,-0.3455,2515.6206,1.695043,0.613995,0.923966,0.586627,0.656036,1.100025,0.575985,True,0.998791,moderada,False,0.130029,baixa,True,0.004311,moderada,False,0.055392,regular,True,0.026527,bem_definida,False,0.91995,2,238.245,283.002,5.228,1.324,28.18,75.166,20.578,107.587,0.108,1,"atributos proximos de um limiar: concavidade, complexidade_borda | descricao geometrica automatica; nao constitui identificacao botanica nem taxonomica"
54,2488.jpg,20,Lagerstroemia indica,avaliacao,sucesso_com_avisos,,,True,1,1.0,False,68,0.47236,370460.5,371479,-0.2742,2367.6135,1.470271,0.830482,0.994234,0.769149,0.774624,1.059969,0.354283,True,0.99937,baixa,True,0.019819,baixa,False,0.080689,alta,False,0.277665,regular,False,0.061974,bem_definida,False,0.180943,1,258.24,303.722,5.22,1.329,27.426,76.829,20.423,126.829,0.097,1,atributos proximos de um limiar: alongamento | descricao geometrica automatica; nao constitui identificacao botanica nem taxonomica
55,2514.jpg,20,Lagerstroemia indica,avaliacao,sucesso_com_avisos,,,True,1,1.0,False,5,0.513718,402911.5,404004,-0.2704,2572.7749,1.755808,0.76492,0.993564,0.716155,0.71876,1.065025,0.487017,True,0.999099,moderada,False,0.170539,baixa,False,0.079961,alta,False,0.1768,regular,False,0.0575,bem_definida,False,0.62339,0,291.676,342.931,14.656,2.203,34.427,86.84,23.007,130.347,0.1,0,descricao geometrica automatica; nao constitui identificacao botanica nem taxonomica
56,2537.jpg,20,Lagerstroemia indica,avaliacao,sucesso_com_avisos,,,True,1,1.0,False,36,0.527597,413855.0,414919,-0.2564,2518.6744,1.26537,0.819812,0.993435,0.735206,0.777333,1.064392,0.330877,True,0.999441,baixa,False,0.15642,baixa,False,0.079821,alta,False,0.261249,regular,False,0.05806,bem_definida,False,0.102923,0,270.611,318.848,9.222,1.363,30.206,78.639,20.623,130.374,0.105,0,descricao geometrica automatica; nao constitui identificacao botanica nem taxonomica
57,2557.jpg,21,Nerium oleander,avaliacao,sucesso_com_avisos,,,True,1,1.0,False,28,0.237527,185792.0,186799,-0.5391,2486.6887,4.872543,0.377567,0.989237,0.310949,0.712359,1.059394,0.911772,True,0.998212,alta,False,0.187909,baixa,False,0.075258,baixa,False,0.056083,regular,False,0.062483,bem_definida,False,2.03924,0,212.0,244.539,7.689,1.563,28.683,76.275,20.818,76.799,0.087,0,descricao geometrica automatica; nao constitui identificacao botanica nem taxonomica
58,2593.jpg,21,Nerium oleander,avaliacao,sucesso_com_avisos,,,True,1,1.0,False,33,0.180194,140730.5,141710,-0.6912,2440.3872,6.11427,0.296948,0.967725,0.240854,0.683146,1.058732,0.945682,True,0.998172,extrema,True,0.019045,baixa,False,0.051875,baixa,False,0.25763,regular,False,0.063069,bem_definida,False,2.152273,1,198.393,238.986,5.292,1.383,28.249,76.562,20.651,66.099,0.086,1,atributos proximos de um limiar: alongamento | descricao geometrica automatica; nao constitui identificacao botanica nem taxonomica
59,2594.jpg,21,Nerium oleander,avaliacao,sucesso_com_avisos,,,True,1,1.0,False,35,0.195894,153493.0,154134,-0.4159,2490.0857,5.785516,0.311078,0.988072,0.252358,0.692939,1.061587,0.936757,True,0.996607,alta,True,0.035747,baixa,False,0.073991,baixa,False,0.222305,regular,False,0.060542,bem_definida,False,2.122523,1,203.734,243.888,5.195,1.248,28.209,77.529,20.806,70.59,0.088,1,atributos proximos de um limiar: alongamento | descricao geometrica automatica; nao constitui identificacao botanica nem taxonomica
60,2625.jpg,22,Podocarpus macrophyllus,avaliacao,sucesso_com_avisos,,,True,1,1.0,False,60,0.126591,98664.5,99555,-0.8945,2167.1181,7.373993,0.264001,0.982377,0.231098,0.746386,1.070264,0.961677,True,0.996364,extrema,False,0.228999,baixa,False,0.067801,baixa,False,0.339998,regular,False,0.052864,bem_definida,False,2.20559,0,187.354,225.139,5.389,1.407,26.384,74.242,20.437,59.295,0.114,0,descricao geometrica automatica; nao constitui identificacao botanica nem taxonomica
61,2635.jpg,22,Podocarpus macrophyllus,avaliacao,sucesso_com_avisos,,,True,1,1.0,False,71,0.123905,96528.5,97443,-0.9385,2264.8237,8.360541,0.236481,0.973855,0.198266,0.761458,1.071604,0.970985,True,0.994787,extrema,False,0.393423,baixa,False,0.058538,baixa,False,0.408798,regular,False,0.051678,bem_definida,False,2.236617,0,204.129,242.785,12.067,1.734,31.071,81.991,22.433,54.659,0.089,0,descricao geometrica automatica; nao constitui identificacao botanica nem taxonomica
62,2642.jpg,22,Podocarpus macrophyllus,avaliacao,sucesso_com_avisos,,,True,1,1.0,False,48,0.122644,95520.5,96451,-0.9647,2339.9019,9.055824,0.219236,0.972575,0.172745,0.743569,1.064995,0.974687,True,0.996226,extrema,False,0.509304,baixa,False,0.057147,baixa,False,0.45191,regular,False,0.057527,bem_definida,False,2.248957,0,192.327,230.887,9.428,1.449,28.554,76.809,20.756,55.175,0.089,0,descricao geometrica automatica; nao constitui identificacao botanica nem taxonomica
63,3026.jpg,23,Prunus serrulata,avaliacao,sucesso_com_avisos,,,True,1,1.0,False,26,0.361721,283207.0,284472,-0.4447,3043.2816,2.459914,0.384264,0.929587,0.486449,0.602969,1.267859,0.657914,True,0.997863,moderada,False,0.180029,baixa,True,0.010421,baixa,True,0.03934,moderada,True,0.024724,bem_definida,False,1.193047,3,242.093,292.191,5.032,1.336,28.283,76.522,20.543,110.203,0.094,1,"atributos proximos de um limiar: concavidade, compacidade, complexidade_borda | descricao geometrica automatica; nao constitui identificacao botanica nem taxonomica"
64,3049.jpg,23,Prunus serrulata,avaliacao,sucesso_com_avisos,,,True,1,1.0,False,31,0.340102,266339.5,267467,-0.4215,2612.1231,1.447968,0.490522,0.909476,0.604652,0.641125,1.228073,0.329238,True,0.997753,baixa,True,0.034688,moderada,True,0.011439,moderada,False,0.226305,moderada,False,0.055328,bem_definida,False,0.09746,2,236.89,280.992,4.932,1.39,27.094,75.585,23.99,103.72,0.099,1,"atributos proximos de um limiar: alongamento, concavidade | descricao geometrica automatica; nao constitui identificacao botanica nem taxonomica"
65,3053.jpg,23,Prunus serrulata,avaliacao,sucesso_com_avisos,,,True,1,1.0,False,23,0.378933,296816.5,298005,-0.3988,2815.309,1.690248,0.470593,0.887205,0.555677,0.625957,1.219263,0.390991,True,0.998255,moderada,False,0.126832,moderada,True,0.035647,moderada,False,0.176482,moderada,False,0.062105,bem_definida,False,0.303303,1,254.964,299.795,13.438,2.002,32.205,85.093,21.599,100.432,0.102,1,atributos proximos de um limiar: concavidade | descricao geometrica automatica; nao constitui identificacao botanica nem taxonomica
66,3061.jpg,24,Ligustrum lucidum,avaliacao,sucesso_com_avisos,,,True,1,1.0,False,52,0.481594,377686.5,378741,-0.2784,2474.4074,1.714165,0.775173,0.99195,0.711676,0.728901,1.060345,0.470927,True,0.999139,moderada,False,0.142777,baixa,False,0.078207,alta,False,0.192574,regular,False,0.061642,bem_definida,False,0.569757,0,263.004,306.181,9.24,1.74,30.108,77.805,20.913,123.008,0.103,0,descricao geometrica automatica; nao constitui identificacao botanica nem taxonomica
67,3091.jpg,24,Ligustrum lucidum,avaliacao,sucesso_com_avisos,,,True,1,1.0,False,55,0.415164,325462.5,326498,-0.3172,2414.8683,2.038631,0.701332,0.988258,0.64241,0.680183,1.055797,0.584795,True,0.999403,moderada,False,0.320456,baixa,False,0.074193,alta,False,0.078972,regular,False,0.065666,bem_definida,False,0.949317,0,241.518,284.494,5.38,1.241,27.44,77.041,20.671,109.585,0.09,0,descricao geometrica automatica; nao constitui identificacao botanica nem taxonomica
68,3109.jpg,24,Ligustrum lucidum,avaliacao,sucesso_com_avisos,,,True,1,1.0,False,26,0.474113,371731.5,372858,-0.3021,2619.2358,2.130258,0.680911,0.987714,0.628725,0.689791,1.055938,0.634661,True,0.999249,moderada,False,0.289914,baixa,False,0.073602,alta,True,0.047555,regular,False,0.065542,bem_definida,False,1.115537,1,259.588,304.213,5.209,1.447,27.52,74.568,21.898,128.756,0.104,1,atributos proximos de um limiar: compacidade | descricao geometrica automatica; nao constitui identificacao botanica nem taxonomica
69,3136.jpg,25,Toona sinensis,avaliacao,sucesso_com_avisos,,,True,1,1.0,False,25,0.264951,207255.0,208366,-0.5332,2664.8653,3.185764,0.366745,0.786414,0.331489,0.564984,1.086255,0.824606,True,0.997384,alta,False,0.061921,moderada,False,0.123449,baixa,False,0.083138,regular,True,0.038712,bem_definida,False,1.748687,1,233.625,277.113,9.652,1.729,30.817,83.927,22.141,85.161,0.103,1,atributos proximos de um limiar: complexidade_borda | descricao geometrica automatica; nao constitui identificacao botanica nem taxonomica
70,3139.jpg,25,Toona sinensis,avaliacao,sucesso_com_avisos,,,True,1,1.0,False,51,0.23457,183409.0,184473,-0.5768,2566.7232,3.861872,0.349842,0.928115,0.312813,0.598711,1.092824,0.853354,True,0.995891,alta,False,0.287291,baixa,True,0.008821,baixa,False,0.125395,regular,True,0.032899,bem_definida,False,1.844513,2,213.4,259.688,9.106,1.326,27.512,75.636,20.712,78.949,0.089,1,"atributos proximos de um limiar: concavidade, complexidade_borda | descricao geometrica automatica; nao constitui identificacao botanica nem taxonomica"
71,3150.jpg,25,Toona sinensis,avaliacao,sucesso_com_avisos,,,True,1,1.0,False,28,0.258007,201793.5,202905,-0.5478,2587.579,3.545211,0.37873,0.903866,0.385856,0.627033,1.11015,0.827623,True,0.997151,alta,False,0.181737,moderada,True,0.017537,baixa,False,0.053175,regular,True,0.017566,bem_definida,False,1.758743,2,216.227,262.027,5.123,1.335,28.908,76.989,20.888,82.816,0.093,1,"atributos proximos de um limiar: concavidade, complexidade_borda | descricao geometrica automatica; nao constitui identificacao botanica nem taxonomica"
72,3194.jpg,26,Prunus persica,avaliacao,sucesso_com_avisos,,,True,1,1.0,False,17,0.294192,230294.0,231362,-0.4616,2588.8065,3.677218,0.431811,0.9742,0.372696,0.638422,1.069793,0.847596,True,0.996209,alta,False,0.225739,baixa,False,0.058913,moderada,False,0.079527,regular,False,0.053281,bem_definida,False,1.82532,0,226.867,275.952,5.313,1.441,27.257,74.573,21.687,96.422,0.093,0,descricao geometrica automatica; nao constitui identificacao botanica nem taxonomica
73,3218.jpg,26,Prunus persica,avaliacao,sucesso_com_avisos,,,True,1,1.0,False,25,0.305669,239351.5,240388,-0.4312,2425.981,3.155559,0.511059,0.983933,0.50941,0.680507,1.064604,0.792509,True,0.997238,alta,False,0.051853,baixa,False,0.069492,moderada,False,0.213755,regular,False,0.057873,bem_definida,False,1.641697,0,254.014,297.899,16.013,2.43,35.872,85.539,21.081,92.894,0.09,0,descricao geometrica automatica; nao constitui identificacao botanica nem taxonomica
74,3226.jpg,26,Prunus persica,avaliacao,sucesso_com_avisos,,,True,1,1.0,False,41,0.266781,208876.5,209900,-0.4876,2472.8826,3.591219,0.429232,0.957036,0.389252,0.6514,1.085564,0.833902,True,0.996641,alta,False,0.197073,baixa,True,0.040257,moderada,False,0.07308,regular,True,0.039324,bem_definida,False,1.779673,2,227.069,271.9,9.366,1.412,29.353,80.494,20.747,85.52,0.098,1,"atributos proximos de um limiar: concavidade, complexidade_borda | descricao geometrica automatica; nao constitui identificacao botanica nem taxonomica"
75,3246.jpg,27,Manglietia fordiana,avaliacao,sucesso_com_avisos,,,True,1,1.0,False,47,0.270426,211673.0,212672,-0.4697,2469.0319,4.408676,0.436337,0.993618,0.351758,0.760728,1.05259,0.897708,True,0.996859,alta,False,0.265221,baixa,False,0.08002,moderada,False,0.090842,regular,False,0.068504,bem_definida,False,1.99236,0,216.58,264.487,7.636,1.369,28.597,75.876,20.607,82.337,0.088,0,descricao geometrica automatica; nao constitui identificacao botanica nem taxonomica
76,3255.jpg,27,Manglietia fordiana,avaliacao,sucesso_com_avisos,,,True,1,1.0,False,66,0.221765,173484.5,174404,-0.5272,2187.8389,3.851362,0.455449,0.985791,0.406363,0.736366,1.067424,0.869046,True,0.996577,alta,False,0.283787,baixa,False,0.071512,moderada,False,0.138622,regular,False,0.055377,bem_definida,False,1.89682,0,205.316,247.894,5.348,1.529,27.846,76.552,20.79,73.08,0.091,0,descricao geometrica automatica; nao constitui identificacao botanica nem taxonomica
77,3259.jpg,27,Manglietia fordiana,avaliacao,sucesso_com_avisos,,,True,1,1.0,False,33,0.327001,256165.0,257199,-0.402,2534.8897,3.518248,0.50097,0.993853,0.410774,0.706893,1.050784,0.849442,True,0.995327,alta,False,0.172749,baixa,False,0.080275,moderada,False,0.229277,regular,False,0.070103,bem_definida,False,1.831473,0,227.928,279.585,4.989,1.645,27.749,81.331,21.002,91.03,0.092,0,descricao geometrica automatica; nao constitui identificacao botanica nem taxonomica
78,3283.jpg,28,Acer buergerianum,avaliacao,sucesso_com_avisos,,,True,1,1.0,False,32,0.281386,220061.5,221291,-0.5556,2804.5252,1.01642,0.351589,0.647042,0.382347,0.558342,1.246126,0.170893,True,0.995856,baixa,False,0.322387,alta,False,0.075654,baixa,False,0.121028,moderada,True,0.041442,pouco_definida,False,0.430357,1,230.431,276.588,5.21,1.415,27.044,74.798,20.555,101.213,0.111,2,solidez_baixa_borda_muito_recortada | atributos proximos de um limiar: complexidade_borda | descricao geometrica automatica; nao constitui identificacao botanica nem taxonomica
79,3317.jpg,28,Acer buergerianum,avaliacao,sucesso_com_avisos,,,True,1,1.0,False,17,0.240641,188000.0,189248,-0.6595,2861.8216,1.115322,0.288458,0.60502,0.365707,0.494941,1.344298,0.111791,True,0.997458,baixa,False,0.256452,alta,False,0.135686,baixa,False,0.278855,complexa,True,0.034075,pouco_definida,False,0.627363,1,242.399,288.069,15.26,3.617,35.712,83.898,22.092,81.627,0.099,2,solidez_baixa_borda_muito_recortada | atributos proximos de um limiar: complexidade_borda | descricao geometrica automatica; nao constitui identificacao botanica nem taxonomica
80,3326.jpg,28,Acer buergerianum,avaliacao,sucesso_com_avisos,,,True,1,1.0,False,77,0.269862,211209.0,212228,-0.4801,2406.3069,1.227256,0.458374,0.743344,0.473531,0.575726,1.199892,0.238816,True,0.999175,baixa,False,0.181829,moderada,False,0.06192,moderada,False,0.145935,moderada,False,0.061851,pouco_definida,False,0.203947,0,226.573,266.295,9.309,1.457,31.156,78.809,21.108,84.564,0.095,0,descricao geometrica automatica; nao constitui identificacao botanica nem taxonomica
81,3335.jpg,29,Mahonia bealei,avaliacao,sucesso_com_avisos,,,True,1,1.0,False,78,0.355237,278331.0,279371,-0.3723,2430.9099,1.39722,0.59188,0.875902,0.615265,0.642486,1.139424,0.442174,True,0.998751,baixa,False,0.06852,moderada,True,0.047933,moderada,False,0.089415,moderada,True,0.00834,bem_definida,False,0.473913,2,234.627,282.832,7.743,1.47,28.803,77.278,20.676,98.494,0.096,1,"atributos proximos de um limiar: concavidade, complexidade_borda | descricao geometrica automatica; nao constitui identificacao botanica nem taxonomica"
82,3336.jpg,29,Mahonia bealei,avaliacao,sucesso_com_avisos,,,True,1,1.0,False,90,0.373056,292309.0,293485,-0.4007,2724.449,1.465277,0.494874,0.841535,0.614849,0.626721,1.223493,0.460068,True,0.997567,baixa,True,0.023149,moderada,False,0.085288,moderada,False,0.237185,moderada,False,0.058852,bem_definida,False,0.53356,1,237.536,274.71,5.331,1.359,28.078,80.609,20.479,101.516,0.093,1,atributos proximos de um limiar: alongamento | descricao geometrica automatica; nao constitui identificacao botanica nem taxonomica
83,3385.jpg,29,Mahonia bealei,avaliacao,sucesso_com_avisos,,,True,1,1.0,False,36,0.46195,362041.5,363292,-0.3442,2906.1719,1.367629,0.538674,0.834645,0.629003,0.643291,1.175515,0.415107,True,0.999502,baixa,False,0.088247,moderada,False,0.092777,moderada,False,0.171271,moderada,True,0.040279,bem_definida,False,0.38369,1,259.416,306.3,5.066,1.425,28.156,76.978,20.69,126.907,0.106,1,atributos proximos de um limiar: complexidade_borda | descricao geometrica automatica; nao constitui identificacao botanica nem taxonomica
84,3411.jpg,30,Magnolia grandiflora,avaliacao,sucesso_com_avisos,,,True,1,1.0,False,33,0.41696,326951.0,328050,-0.335,2616.0125,2.626064,0.600362,0.995382,0.527722,0.694133,1.06089,0.726666,True,0.996808,moderada,False,0.124645,baixa,False,0.081937,moderada,False,0.076366,regular,False,0.061159,bem_definida,False,1.42222,0,246.311,303.445,5.345,1.316,27.277,78.011,20.798,113.393,0.096,0,descricao geometrica automatica; nao constitui identificacao botanica nem taxonomica
85,3416.jpg,30,Magnolia grandiflora,avaliacao,sucesso_com_avisos,,,True,1,1.0,False,25,0.487446,382198.5,383347,-0.2996,2720.3973,2.294665,0.648984,0.985185,0.572601,0.705034,1.056587,0.666828,True,0.999095,moderada,False,0.235112,baixa,False,0.070853,moderada,True,0.001563,regular,False,0.064967,bem_definida,False,1.22276,1,263.672,323.32,8.085,1.365,29.189,77.331,20.405,127.102,0.116,1,atributos proximos de um limiar: compacidade | descricao geometrica automatica; nao constitui identificacao botanica nem taxonomica
86,3424.jpg,30,Magnolia grandiflora,avaliacao,sucesso_com_avisos,,,True,1,1.0,False,52,0.373118,292435.0,293463,-0.3503,2433.4196,2.440544,0.620591,0.990672,0.561813,0.690527,1.056461,0.696996,True,0.997185,moderada,False,0.186485,baixa,False,0.076817,moderada,True,0.045245,regular,False,0.065079,bem_definida,False,1.32332,1,234.385,291.208,5.119,1.264,27.643,80.492,21.063,98.643,0.094,1,atributos proximos de um limiar: compacidade | descricao geometrica automatica; nao constitui identificacao botanica nem taxonomica
87,3455.jpg,31,Populus x canadensis,avaliacao,sucesso_com_avisos,,,True,1,1.0,False,20,0.478071,374874.5,375970,-0.2914,2567.177,1.130123,0.714799,0.971721,0.662922,0.696451,1.087814,0.08917,True,0.997271,baixa,False,0.246585,baixa,False,0.056218,alta,False,0.099691,regular,True,0.037333,pouco_definida,False,0.702767,1,257.209,310.619,5.43,1.486,27.858,75.753,20.401,126.106,0.101,1,atributos proximos de um limiar: complexidade_borda | descricao geometrica automatica; nao constitui identificacao botanica nem taxonomica
88,3494.jpg,31,Populus x canadensis,avaliacao,sucesso_com_avisos,,,True,1,1.0,False,25,0.373603,292778.5,293813,-0.3521,2420.3241,1.021802,0.628061,0.92584,0.644508,0.696268,1.139982,0.148525,True,0.999558,baixa,False,0.318799,baixa,True,0.006348,moderada,True,0.033752,moderada,True,0.008834,pouco_definida,False,0.504917,3,245.513,288.146,4.918,1.522,27.686,75.171,22.153,113.843,0.124,1,"atributos proximos de um limiar: concavidade, compacidade, complexidade_borda | descricao geometrica automatica; nao constitui identificacao botanica nem taxonomica"
89,3495.jpg,31,Populus x canadensis,avaliacao,sucesso_com_avisos,,,True,1,1.0,False,16,0.417282,327154.5,328164,-0.3076,2370.3241,1.008708,0.731724,0.975029,0.674573,0.77552,1.099864,0.097227,True,0.999391,baixa,False,0.327528,baixa,False,0.059814,alta,False,0.125729,regular,True,0.026669,pouco_definida,False,0.67591,1,271.902,314.577,13.392,1.635,31.27,87.703,21.185,116.508,0.121,1,atributos proximos de um limiar: complexidade_borda | descricao geometrica automatica; nao constitui identificacao botanica nem taxonomica
90,3514.jpg,32,Liriodendron chinense,avaliacao,sucesso_com_avisos,,,True,1,1.0,False,37,0.444564,348409.5,349630,-0.3491,2741.7901,1.054173,0.582414,0.871765,0.706478,0.708495,1.192,0.129274,True,0.998261,baixa,False,0.297218,moderada,False,0.052429,moderada,False,0.103978,moderada,False,0.054867,pouco_definida,False,0.569087,0,262.142,308.386,8.641,1.49,29.41,80.116,20.746,121.535,0.111,0,descricao geometrica automatica; nao constitui identificacao botanica nem taxonomica
91,3535.jpg,32,Liriodendron chinense,avaliacao,sucesso_com_avisos,,,True,1,1.0,False,28,0.315108,246793.5,247811,-0.4106,2270.3444,1.063707,0.601672,0.862574,0.647385,0.660486,1.163075,0.12708,True,0.998325,baixa,False,0.290862,moderada,False,0.06242,moderada,False,0.074351,moderada,True,0.02927,pouco_definida,False,0.5764,1,230.844,268.22,7.944,1.327,28.68,77.856,20.924,93.931,0.104,1,atributos proximos de um limiar: complexidade_borda | descricao geometrica automatica; nao constitui identificacao botanica nem taxonomica
92,3560.jpg,32,Liriodendron chinense,avaliacao,sucesso_com_avisos,,,True,1,1.0,False,59,0.36409,285190.5,286332,-0.3987,2563.9078,1.243247,0.54518,0.851598,0.642035,0.661049,1.212091,0.051928,True,0.999263,baixa,False,0.171169,moderada,False,0.07435,moderada,False,0.161262,moderada,False,0.067622,pouco_definida,True,0.03856,1,229.108,270.447,5.164,1.153,27.961,76.415,20.619,97.622,0.103,1,atributos proximos de um limiar: orientacao | descricao geometrica automatica; nao constitui identificacao botanica nem taxonomica
93,3581.jpg,33,Citrus reticulata,avaliacao,sucesso_com_avisos,,,True,1,1.0,False,14,0.42539,333304.0,334540,-0.3695,2904.0958,2.477247,0.496625,0.942418,0.47891,0.610011,1.111045,0.719636,True,0.999262,moderada,False,0.174251,baixa,True,0.024367,moderada,False,0.235962,regular,True,0.016774,bem_definida,False,1.398787,2,249.958,284.342,5.027,1.355,27.9,75.778,20.626,119.083,0.109,1,"atributos proximos de um limiar: concavidade, complexidade_borda | descricao geometrica automatica; nao constitui identificacao botanica nem taxonomica"
94,3608.jpg,33,Citrus reticulata,avaliacao,sucesso_com_avisos,,,True,1,1.0,False,50,0.350783,274750.0,275867,-0.4049,2602.3069,2.695901,0.509836,0.945388,0.492521,0.65122,1.101236,0.760935,True,0.998597,moderada,False,0.101366,baixa,True,0.027596,moderada,False,0.215637,regular,True,0.025455,bem_definida,False,1.53645,2,248.713,298.024,5.393,1.448,27.31,76.377,22.051,115.948,0.097,1,"atributos proximos de um limiar: concavidade, complexidade_borda | descricao geometrica automatica; nao constitui identificacao botanica nem taxonomica"
95,3617.jpg,33,Citrus reticulata,avaliacao,sucesso_com_avisos,,,True,1,1.0,False,17,0.370799,290417.5,291608,-0.4083,2821.7943,2.975795,0.458334,0.940247,0.433198,0.634967,1.113988,0.811242,True,0.998275,moderada,True,0.008068,baixa,True,0.022008,moderada,False,0.145835,regular,True,0.01417,bem_definida,False,1.70414,3,276.846,326.709,18.201,2.549,34.479,86.852,21.574,113.002,0.093,1,"atributos proximos de um limiar: alongamento, concavidade, complexidade_borda | descricao geometrica automatica; nao constitui identificacao botanica nem taxonomica"
