id,arquivo,folha_principal_segmentada,mascara_visual_adequada,contorno_visual_adequado,resultado_util,problema_principal,observacao_humana
EXT001,folha-01.jpg,parcial,nao,nao,nao,fundo confundido com folha,"A mascara incorporou grande parte do fundo e nao isolou corretamente a folha principal. O contorno e as medidas resultantes ficam comprometidos."
EXT002,folha-02.jpg,parcial,nao,nao,nao,fundo confundido com folha,"A mascara classificou grande parte do fundo como objeto, fazendo com que o contorno principal represente praticamente toda a imagem em vez da folha central."
EXT003,folha-03.jpg,nao,nao,nao,nao,cor fora da faixa,"A folha principal amarelada nao foi segmentada adequadamente. A faixa HSV calibrada para folhas verdes selecionou apenas pequenos fragmentos da imagem, e o objeto principal escolhido nao corresponde a folha de interesse."
EXT004,folha-04.jpg,parcial,nao,nao,nao,fundo confundido com folha,"O fundo verde-claro foi incorporado a mascara, fazendo com que praticamente toda a imagem fosse tratada como objeto. A folha principal nao foi isolada de forma adequada."
EXT005,folha-05.jpg,parcial,nao,nao,nao,fundo confundido com folha,"A mascara incorporou grande parte do fundo e nao conseguiu isolar corretamente a estrutura da samambaia. O contorno principal representa uma regiao maior que a folha de interesse."
EXT006,folha-06.jpg,sim,parcial,parcial,parcial,fundo confundido com folha,"A folha principal foi detectada, mas a mascara incorporou regioes extras do fundo e apresentou interferencia nas bordas. O resultado ainda e parcialmente utilizavel, mas as medidas geometricas podem estar distorcidas."
EXT007,folha-07.jpg,sim,parcial,parcial,parcial,objeto secundario incorporado,"A folha principal foi detectada, porem a mascara tambem incorporou outras folhas e regioes proximas, comprometendo parcialmente o contorno e as medidas geometricas."
EXT008,folha-08.jpg,nao,nao,nao,nao,objeto secundario incorporado,"A cena contem varias folhas verdes e fundo com tonalidade semelhante. A mascara incorporou grande parte da imagem e nao isolou uma folha principal de forma confiavel."
EXT009,folha-09.jpg,parcial,nao,nao,nao,folha parcialmente perdida,"A forte iluminacao em contraluz e o fundo complexo prejudicaram a segmentacao. Parte da folha foi detectada, mas a mascara ficou contaminada por regioes externas e o contorno final nao representa a folha de forma confiavel."
